Bussines Type,Bussines Name,Bussines Description,Bussines Address,Bussines Hours ,Bussines Phone ,Bussines Website ,Bussines Rating,Bussines Reviews
School,Bright Scholars Academy,Not Available,"PX9H+PRM, Choa Saidan Shah-Kallar Kahar Rd, Choa Bypass Mor, Choa Saidan Shah, Chakwal, Punjab 48320, Pakistan",Not Available,+92 346 5784808,Not Available,3.9,10
Educational institution,The Quest Academy,Not Available,"PX8Q+559, Mateen Mohalla, Choa Saidan Shah, Chakwal, Punjab, Pakistan",Not Available,+92 315 5842148,Not Available,Not Available,Not Available
School,فٹ بال سٹیڈیم,Not Available,"PX8Q+V5G, کھیوڑہ روڈ،, Mateen Mohalla, Choa Saidan Shah, Chakwal, Punjab, Pakistan",Not Available,Not Available,Not Available,Not Available,Not Available
School,The Arqam School Choa Saidan Shah Campus,Not Available,"PX9G+JW8, Choa Saidan Shah, Chakwal, Punjab, Pakistan",Closed ⋅ Opens 8:15 AM,+92 345 5775552,http://thearqam.com/,4.3,3
School,Rockhill Academy,Not Available,"Tehsil: Choa Saidan Shah, District: Choa Saidan Shah Rd, Choa Saidan Shah, Chakwal, Punjab, Pakistan",Not Available,+92 543 580108,http://www.rockhillacademy.com/,4.2,21
School,The Allied School,Not Available,"PXMV+99V, IBC-IV, Kaghan Road, Islamabad, Pakistan",Closed ⋅ Opens 7:35 AM,+92 345 5773917,Not Available,3.5,2
School,EFA School Sherazi Campus CSS,Not Available,"PXJV+M79, Choa Saidan Shah, Chakwal, Punjab, Pakistan",Not Available,Not Available,Not Available,4,1
Charter school,Hira Survey Academy,Not Available,"PXMV+4CX, Chakwal-Choa Saidan Shah Rd, Colonel Feroz Town, Choa Saidan Shah, Chakwal, Punjab 48800, Pakistan",Closed ⋅ Opens 7 AM,+92 345 5774446,Not Available,5,2
School,EFA School,Not Available,"PX9G+9VM, Choa Saidan Shah, Chakwal, Punjab, Pakistan",Not Available,Not Available,Not Available,5,1
High school,The Spirit School Choa Saiden Shah,Not Available,"PXMV+97X, Choa Saidan Shah, Chakwal, Punjab, Pakistan",Not Available,Not Available,Not Available,Not Available,Not Available
Primary school,Govt Boys Elementary Primary School,Not Available,"PXCP+CJC, Choa Saidan Shah Rd, Choa Chowk, Main Bazar, Mohalla Jhimpir, Choa Saidan Shah, Chakwal, Punjab 48320, Pakistan",Not Available,Not Available,Not Available,Not Available,Not Available
School,The Educators School,Not Available,"PXCH+QCM, Choa Saidan Shah, Chakwal, Punjab 48320, Pakistan",Not Available,+92 543 5800000,Not Available,Not Available,Not Available
Educational institution,Allied School Kahoon Campus choa saiden shah,Not Available,"Allied School Kahoon Campus dhatta kot near bestway cement factory 48320, Choa Saidan Shah, Chakwal, Punjab 48320, Pakistan",Closed ⋅ Opens 8 AM,+92 543 584018,Not Available,5,4
School,Govt. High School,Not Available,"PXCP+FJ2, Mohalla Jhimpir, Choa Saidan Shah, Chakwal, Punjab, Pakistan",Not Available,+92 300 5105742,Not Available,Not Available,Not Available
School,Global Welfare School System Choa Saiden Shah Chakwal,Not Available,"PX9G+HXW, Choa Saidan Shah, Chakwal, Punjab, Pakistan",Not Available,+92 543 580240,Not Available,Not Available,Not Available
Higher secondary school,Government Higher Secondary School Choa Saidan Shah,Not Available,"PX8Q+W3F, Road, Mateen Mohalla, Choa Saidan Shah, Chakwal, Punjab, Pakistan",Closed ⋅ Opens 8 AM,Not Available,Not Available,4,6
School,Whiz Kidz School System,Not Available,"PX9Q+94W, Mateen Mohalla, Choa Saidan Shah, Chakwal, Punjab, Pakistan",Not Available,+92 332 5757408,http://facebook.com/whizkidzschool,5,1
School,Leader House Secondary School,Not Available,"PX9H+XMH, Bypass road, Choa Saidan Shah, Chakwal, Punjab, Pakistan",Not Available,Not Available,Not Available,Not Available,Not Available
School,Fauji Foundation School Choa Saidan Shah,Not Available,"Town, Choa Saidan Shah, Chakwal, Punjab, Pakistan",Not Available,+92 348 0560610,http://www.fauji.org.pk/,5,2
Primary school,Govt Girls Primary School,Not Available,"Q266+24H, Chakwal-Choa Saidan Shah Rd Dheri Jabba, Basharat, Choa Saidan Shah, Chakwal, Punjab 48410, Pakistan",Not Available,Not Available,Not Available,2,1
School,Govt.Girls High School no:2,Not Available,"PXJQ+QGC, Choa Saidan Shah, Chakwal, Punjab, Pakistan",Closed ⋅ Opens 7 AM,Not Available,Not Available,Not Available,Not Available
School,گورنمنٹ ماڈل سکول کسک,Not Available,"P367+9C3, Choa Saidan Shah, Chakwal, Punjab, Pakistan",Not Available,Not Available,Not Available,Not Available,Not Available
High school,Radiant High School,Not Available,"PXHP+VXX, Chakwal Rd, Choa Saidan Shah, Chakwal, Punjab, Pakistan",Not Available,Not Available,Not Available,4,3
School,Fauji Foundation Model School Choa Saiden Shah,Not Available,"P2X9+8J3, Choa Saidan Shah, Chakwal, Punjab, Pakistan",Closed ⋅ Opens 8 AM,+92 348 0560610,Not Available,4.7,3
School,Allama Iqbal School,Not Available,"PX9Q+65C, Police Station Road, Mateen Mohalla, Choa Saidan Shah, Chakwal, Punjab, Pakistan",Closed ⋅ Opens 8 AM,Not Available,Not Available,5,1
Middle school,Govt Special Education Center Choa Saidan Shah Chakwal,Not Available,"PX9Q+R27, Mohallah Chapar Rd, Mohalla Jhimpir, Choa Saidan Shah, Chakwal, Punjab, Pakistan",Not Available,+92 543 579209,Not Available,Not Available,Not Available
Elementary school,Dar-e-Arkam,Not Available,"PXHR+QF5, Chakwal Rd, Choa Saidan Shah, Chakwal, Punjab, Pakistan",Closed ⋅ Opens 7:30 AM,Not Available,Not Available,Not Available,Not Available
School,Shining Star Science College,Not Available,"P3R2+JWX, Chakwal, Punjab, Pakistan",Not Available,Not Available,Not Available,Not Available,Not Available
Computer training school,Shahid Computer Academy,Not Available,"PXCM+282, Kalar Kahar Rd, Choa Saidan Shah, Chakwal, Punjab, Pakistan",Closed ⋅ Opens 8 AM,+92 345 5828064,Not Available,Not Available,Not Available
School,Darul Quran Academy Dhatakot,Not Available,"PVGJ+R86, Choa Saidan Shah, Chakwal, Punjab, Pakistan",Closed ⋅ Opens 5:05 AM,Not Available,Not Available,Not Available,Not Available
School,Jamia Masjid Siddiqia,Not Available,"PXHQ+HR3, Grid Rd, Choa Saidan Shah, Chakwal, Punjab, Pakistan",Not Available,+92 345 5339126,Not Available,5,2
Private college,IQBAL COLLEGE (Boys Campus),Not Available,"PXPW+CF5, Chakwal Rd, Choa Saidan Shah, Chakwal, Punjab, Pakistan",Closed ⋅ Opens 8:30 AM,Not Available,Not Available,2.3,3
School,Holy Mission Model School,Not Available,"PXJV+XGC, Chakwal Rd, Choa Saidan Shah, Chakwal, Punjab, Pakistan",Not Available,Not Available,Not Available,Not Available,Not Available
Vocational college,"VTI Choa Saidan Shah, PVTC",Not Available,"PXJQ+M3V, GGHSS, off Chakwal Road, Choa Saidan Shah, Chakwal, Punjab, Pakistan",Closed ⋅ Opens 8 AM,+92 543 580188,http://www.pvtc.gop.pk/,5,1
Government college,Cadet College Choa Saiden Shah Chakwal,Not Available,"Choa Saidan Shah, Chakwal, Punjab 48320, Pakistan",Closed ⋅ Opens 8 AM,+92 543 545200,http://www.cccss.edu.pk/,4.4,92
Primary school,Allama iqbal public school,Not Available,"PX4R+83P, Choa Saidan Shah Rd, Ratuchah, Chakwal, Punjab, Pakistan",Not Available,Not Available,Not Available,Not Available,Not Available
School,Govt'' Elementary school pm jahanian,Not Available,"Q246+R66, Choa Saidan Shah, Chakwal, Punjab, Pakistan",Not Available,Not Available,Not Available,5,1
School,Government Elementary School Ratuchah,Not Available,"MXXV+WGP, Teh, Choa Saiden Shah Disst, Chakwal Of Ratuchah, Ratuchah, Chakwal, Punjab, Pakistan",Not Available,+92 543 580603,Not Available,4.5,2
School,گورنمنٹ بوائز ہائی سکول واربرٹن,Not Available,"آرا سٹاپ،واربرٹن،ننکانہ, صاحب،پنجاب, Chakwal, Punjab, Pakistan",Not Available,Not Available,Not Available,Not Available,Not Available
Primary school,Govt Primary School,Not Available,"Choa Saidan Shah, Chakwal, Punjab, Pakistan",Not Available,Not Available,Not Available,Not Available,Not Available
College,"Science College ,Girls campus",Not Available,"PXMV+JQ9, Chakwal Rd, Choa Saidan Shah, Chakwal, Punjab, Pakistan",Not Available,Not Available,Not Available,3.3,3
College,Punjab School of Mines,Not Available,"PXG3+JRP, Kalar Kahar Rd, Katas, Chakwal, Punjab, Pakistan",Not Available,+92 543 582224,Not Available,4.6,27
School,گورنمنٹ گرلز ایلیمنٹری سکول وٹلی,Not Available,"P29X+867, Choa Saidan Shah, Chakwal, Punjab, Pakistan",Not Available,Not Available,Not Available,5,2
School,Govt. Primary School Pidh,Not Available,"MXH9+QW3, Choa Saidan Shah Rd, Khewra, Chakwal, Punjab, Pakistan",Not Available,Not Available,Not Available,Not Available,Not Available
High school,Government Sir Syed High School,Not Available,"PXF2+VCC, Kalar Kahar Rd, Katas, Chakwal, Punjab, Pakistan",Not Available,Not Available,Not Available,Not Available,Not Available
College,Govt Degree College for Boys,Not Available,"PXJW+P9Q, Chakwal Rd, Choa Saidan Shah, Chakwal, Punjab, Pakistan",Closed ⋅ Opens 8 AM,+92 543 579009,Not Available,3.7,7
Education center,QUEST Academy,Not Available,"PW85+F4V, Waulah, Chakwal, Punjab, Pakistan",Open 24 hours,+92 336 5163143,https://www.linkedin.com/company/quest-academy-qa/,Not Available,Not Available
School,Mine Labours Welfare School,Not Available,"MXHC+Q35, Dandot, Khewra, Choa Saidan Shah Rd, Choa Saidan Shah, Chakwal, Punjab 48320, Pakistan",Not Available,Not Available,Not Available,4,1
School,Shining Star Cadet Collage,Not Available,"P3W4+V6R, Basharat-Saloi Rd, Lehr Sultanpur, Chakwal, Punjab, Pakistan",Not Available,Not Available,Not Available,Not Available,Not Available
Primary school,Govt Primary School,Not Available,"Tatral, Chakwal, Punjab, Pakistan",Not Available,Not Available,Not Available,Not Available,Not Available
Elementary school,Govt model elementary school Nali,Not Available,"M2VG+RRC, Chakwal Rd, Choa Saidan Shah, Chakwal, Punjab, Pakistan",Not Available,Not Available,Not Available,Not Available,Not Available
School,Govt Girls Higher Secondary School Dalwal,Not Available,"PV7M+FCG, Choa Saidan Shah, Chakwal, Punjab, Pakistan",Closed ⋅ Opens 7:15 AM,+92 543 582041,Not Available,Not Available,Not Available
School,BAWA SYED SHAH FEAZ UL HASSAN SHAH KAZMI,Not Available,"PVXW+2RC, Dheri Syedan, Chakwal, Punjab, Pakistan",Not Available,Not Available,Not Available,5,1
School,Govt High School,Not Available,"Katas, Chakwal, Punjab, Pakistan",Not Available,Not Available,Not Available,5,1
Shopping mall,Al Hassan Garments And School Uniform,Not Available,"PXCP+52Q, Kalar Kahar Rd, Choa Saidan Shah, Chakwal, Punjab, Pakistan",Not Available,+92 346 6653130,Not Available,Not Available,Not Available
School,Hasan Cadet High School,Not Available,"Q236+2XM, Chakwal, Choa Saidan Shah Rd, Chumbi, Chakwal, Punjab 48320, Pakistan",Not Available,Not Available,Not Available,3.9,8
High school,Old Building of GHS Dandot,Not Available,"MX54+35X, VPO Dandot, Tehsil, Choa Saidan Shah, Chakwal, Punjab, Pakistan",Not Available,Not Available,Not Available,Not Available,Not Available
Gambling instructor,Gaming,Not Available,"PXHQ+M5P, Grid Rd, Choa Saidan Shah, Chakwal, Punjab, Pakistan",Open 24 hours,+92 345 5776048,https://website-1417601270730226143152-gamblinginstructor.business.site/?utm_source=gmb&utm_medium=referral,Not Available,Not Available
School,Bangla Pahari Govt. High School,Not Available,"J2X5+RWH, Khewra, Jhelum, Punjab, Pakistan",Not Available,Not Available,Not Available,5,1
School,Arar,Not Available,"PVPH+QF7, Chok Dhatha Koat, Choa Saidan Shah Road, Kalar Kahar Rd, Chakwal, Punjab, Pakistan",Not Available,Not Available,Not Available,Not Available,Not Available
School,Shining Star Cadet Collage,Not Available,"P3X4+F85, Chakwal, Punjab, Pakistan",Not Available,Not Available,Not Available,Not Available,Not Available
Shopping mall,Al Hassan Garments And School Uniform,Not Available,"PXCP+52Q, Kalar Kahar Rd, Choa Saidan Shah, Chakwal, Punjab, Pakistan",Not Available,+92 346 6653130,Not Available,Not Available,Not Available
School,Bangla Pahari Govt. High School,Not Available,"J2X5+RWH, Khewra, Jhelum, Punjab, Pakistan",Not Available,Not Available,Not Available,5,1
High school,Girls high school,Not Available,"MXXR+HJC, Ratuchah, Chakwal, Punjab, Pakistan",Not Available,Not Available,Not Available,Not Available,Not Available
School,"Govt. Boys Schoo, Wahali Zer",Not Available,"Q24V+4JR, Wahali Zair, Chakwal, Punjab, Pakistan",Not Available,Not Available,Not Available,4.3,6
Middle school,School,Not Available,"MXH9+RQ9, Village Pidh, Chakwal, Punjab, Pakistan",Not Available,Not Available,Not Available,Not Available,Not Available
School,Tabeer Skills & Educational Center,Not Available,"J2J7+G5F, Chakwal Choa Saidan Shah Pindadan Khan Rd, Khewra, Jhelum, Punjab, Pakistan",Closed ⋅ Opens 9 AM,+92 333 5248845,Not Available,5,3
General store,Haq Bahu General Store,Not Available,"PXCP+62F, Choa Saidan Shah-Kallar Kahar Rd, Choa Chowk, Main Bazar, Choa Saidan Shah, Chakwal, Punjab 48320, Pakistan",Not Available,Not Available,Not Available,Not Available,Not Available
School,Arar,Not Available,"PVPH+QF7, Chok Dhatha Koat, Choa Saidan Shah Road, Kalar Kahar Rd, Chakwal, Punjab, Pakistan",Not Available,Not Available,Not Available,Not Available,Not Available
School,"Dhok Ban Ameer Khatoon School, Chakwal",Not Available,"QWQR+W8F, Jaswal, Chakwal, Punjab, Pakistan",Not Available,Not Available,Not Available,4,9
Primary school,Govt Community Model Girls Primary School,Not Available,"Munhiala Rd Munhiala, 48320, Pakistan",Not Available,Not Available,Not Available,4,2
School,Govt Middle School for Boys,Not Available,"Chakwal, Punjab, Pakistan",Not Available,Not Available,Not Available,5,1
Preschool,Allama iqbal junior public school,Not Available,"PX4R+834, Ratuchah, Chakwal, Punjab, Pakistan",Not Available,Not Available,Not Available,Not Available,Not Available
School,The Teachers School Dhata Kot,Not Available,"PVGM+PHM, Kalar Kahar Rd, Chakwal, Punjab, Pakistan",Closed ⋅ Opens 8 AM,+92 543 584555,Not Available,4.7,3
Gambling instructor,Gaming,Not Available,"PXHQ+M5P, Grid Rd, Choa Saidan Shah, Chakwal, Punjab, Pakistan",Open 24 hours,+92 345 5776048,https://website-1417601270730226143152-gamblinginstructor.business.site/?utm_source=gmb&utm_medium=referral,Not Available,Not Available
Grocery store,آفتاب دی ہٹی,Not Available,"PX9H+MR6, Choa Saidan Shah, Chakwal, Punjab, Pakistan",Not Available,Not Available,Not Available,2,1
School,Govt High School,Not Available,"PWQC+3CF, Road, Dulmial, Chakwal, Punjab, Pakistan",Not Available,Not Available,Not Available,Not Available,Not Available
Elementary school,Government Primary School Dheri Jaba,Not Available,"Q295+C2, Chumbi, Chakwal, Punjab, Pakistan",Closed ⋅ Opens 8 AM,Not Available,Not Available,Not Available,Not Available
Kindergarten,Madrassa,Not Available,"PXPW+P7J, Mandra-Chakwal Rd, Chakwal, Punjab, Pakistan",Not Available,Not Available,Not Available,Not Available,Not Available
School,Al-Badar Model School,Not Available,"Mohallah New Sultania, Near Stadium Rd, Khewra, Jhelum, Punjab, Pakistan",Not Available,+92 331 5608372,Not Available,Not Available,Not Available
School,Al-Badar Model School,Not Available,"Mohallah New Sultania, Near Stadium Rd, Khewra, Jhelum, Punjab, Pakistan",Not Available,+92 331 5608372,Not Available,Not Available,Not Available
School,TCF School Garden State Campus,Not Available,"QV4J+787, Road, Dhariala, Chakwal, Punjab, Pakistan",Closed ⋅ Opens 8 AM,Not Available,Not Available,4.5,2
School,Bangla Pahari Govt. Primary School,Not Available,"J2X5+RXF, Bangla Pahari Rd, Khewra, Jhelum, Punjab, Pakistan",Not Available,Not Available,Not Available,5,1
School,GOVT Primary School Khewra,Not Available,"Government Primary School, Dandot Factory Road, Jootani, Khewra, Jhelum, Punjab, Pakistan",Not Available,Not Available,Not Available,4.5,2
School,"SMART School, Bangla Campus, Khewra",Not Available,"J2J7+8VH Norani janiya masjid khewra, Khewra, Pakistan",Not Available,Not Available,Not Available,4.6,8
School,The Educator High School,Not Available,"PVGP+P2P, Kalar Kahar Rd, Chakwal, Punjab, Pakistan",Not Available,Not Available,Not Available,Not Available,Not Available
School,PMDC Model High School,Not Available,"J2P7+M49, Khewra, Jhelum, Punjab, Pakistan",Not Available,Not Available,Not Available,3.7,3
Education center,Roots Science Academy,Not Available,"New Modern Colony, Khewra, Jhelum, Punjab 49060, Pakistan",Closed ⋅ Opens 4 PM,+92 334 5325170,https://roots-science-academy.business.site/?utm_source=gmb&utm_medium=referral,4.8,5
School,Government Primary School Dhariala Kahoon,Not Available,"QV7H+82R, Dhariala, Chakwal, Punjab, Pakistan",Not Available,Not Available,Not Available,4,1
Elementary school,Govt Elementary School,Not Available,"Dulmial, Chakwal, Punjab, Pakistan",Not Available,Not Available,Not Available,5,1
School,The Smart School,Not Available,"J2J7+CVV, ICI Factory Colony, Khewra, Jhelum, Punjab, Pakistan",Not Available,Not Available,https://thesmartschools.edu.pk/,Not Available,Not Available
Primary school,Govt Child Friendly Boys Primary School,Not Available,"Munhiala Rd Munhiala, 48320, Pakistan",Not Available,Not Available,Not Available,5,1
Charter school,Naeem Shah Academy,Not Available,"G, 18 Model Town Link Rd, Block G Model Town, Lahore, Punjab, Pakistan",Closed ⋅ Opens 3 PM,+92 42 35851818,https://naeemshahacademy.com/,3.6,60
School,Naeem Shah Academy,Not Available,"Link Dhobi Ghat Road, Block Q Model Town, Lahore, Punjab, Pakistan",Closed ⋅ Opens 8 AM,+92 300 8456154,https://naeemshahacademy.com/,2,12
School,Dandot Rs School Boy,Not Available,"JXQH+F26, Dandot Cement Works, Jhelum, Punjab, Pakistan",Closed ⋅ Opens 7 AM,+92 332 5878706,Not Available,4.7,7
School,"Bright Future Public School, Pidh",Not Available,"MXJF+JM5, Village Pidh, Chakwal, Punjab, Pakistan",Not Available,Not Available,Not Available,Not Available,Not Available
School,GOVERNMENT Middle School for Girls,Not Available,"J2H7+3Q3, Islam Gunj St, Khewra, Jhelum, Punjab, Pakistan",Not Available,Not Available,Not Available,3,1
School,Govt Middle School,Not Available,"QXQH+GM5, Chakwal, Punjab, Pakistan",Not Available,Not Available,Not Available,Not Available,Not Available
School,Govt Primary School,Not Available,"MX54+45P, Dandot, Chakwal, Punjab, Pakistan",Not Available,Not Available,Not Available,Not Available,Not Available
High school,GHS PM Jahanian,Not Available,"Q246+V57, Sarai Chowk, ali mobiles sarain chowk, Chumbi, Chakwal, Punjab, Pakistan",Not Available,Not Available,Not Available,Not Available,Not Available
School,Govt. High School Khewra,Not Available,"JXPX+C5Q, Dandot Factory Road, Khewra, Jhelum, Punjab, Pakistan",Open 24 hours,+92 333 4728054,Not Available,4.3,3
School,Bestway Foundation School - Tatral,Not Available,"Kalar Kahar Rd, Chakwal, Punjab, Pakistan",Closed ⋅ Opens 7:30 AM,+92 543 582518,Not Available,4.3,3
School,Govt Middle School for Girls,Not Available,"PV8X+2HM, Waulah, Chakwal, Punjab, Pakistan",Not Available,Not Available,Not Available,5,1
School,"Government Boys high school khewra, jhelum, Punjab",Not Available,"J2P5+QPR, Dandot Cement Factory Rd, Rajpoot Community, Khewra, Jhelum, Punjab, Pakistan",Not Available,Not Available,Not Available,5,1
High school,Dalwal Government High School,Not Available,"PV4Q+22M, Dalwal, Chakwal, Punjab, Pakistan",Closed ⋅ Opens 8 AM,Not Available,Not Available,3.8,12
Hostel,Hostel Punjab School of Mines,Not Available,"PXH4+26X, Kalar Kahar Rd, Katas, Chakwal, Punjab, Pakistan",Not Available,Not Available,Not Available,4.5,4
School,Fauji Foundation Model School Arrar,Not Available,"Distt. Chakwal Teh, Choa Saidanshah, Arar, Chakwal, Punjab, Pakistan",Closed ⋅ Opens 8 AM,+92 543 582406,http://www.fauji.org.pk/,5,2
Not Available,Holy Mission Science College,Not Available,"PXJV+VCG, Chakwal-Choa Saidan Shah Rd Sajjadabad, Chumbi, Choa Saidan Shah, Chakwal, Punjab 48800, Pakistan",Not Available,+92 543 580286,Not Available,4.5,2
Elementary school,"Government Girls Primary School Sherianbad, Dandot RS",Not Available,"JXQG+6RM, Dandot Cement Works, Jhelum, Punjab, Pakistan",Not Available,Not Available,Not Available,4.8,5
School,Mustafai model school,Not Available,"J2J6+6CC, mohalla Iqbal number dar, Khewra, Jhelum, Punjab, Pakistan",Not Available,Not Available,Not Available,Not Available,Not Available
School,Govt High School,Not Available,"MX44+Q2V, Dandot, Jhelum, Punjab, Pakistan",Not Available,Not Available,Not Available,4.3,3
School,Gov't Primery School Dhok Malak Mehmand,Not Available,"RXFF+R9F, Chakwal, Punjab 48800, Pakistan",Closed ⋅ Opens 8 AM,+92 349 5726063,Not Available,Not Available,Not Available
Not Available,Choa Saidan Shah,Not Available,"Chakwal, Punjab, Pakistan",Not Available,Not Available,Not Available,Not Available,Not Available
Kindergarten,Un Formal Education,Not Available,"MXJC+674, Village Pidh, Chakwal, Punjab, Pakistan",Not Available,Not Available,Not Available,Not Available,Not Available
School,GHS DALAIL PUR,Not Available,"PRJP+R58, Chakwal, Punjab, Pakistan",Not Available,Not Available,Not Available,3.5,2
School,Government Girls High School Basharat,Not Available,"Q3JV+7XH, Malik St, Basharat, Chakwal, Punjab, Pakistan",Not Available,Not Available,Not Available,Not Available,Not Available
Playground,Hamayun Cricket Academy,Not Available,"QXQH+PF9, Chakwal, Punjab, Pakistan",Not Available,Not Available,Not Available,Not Available,Not Available
High school,Mines labour welfare school,Not Available,"MX46+5GV, Dandot, Jhelum, Punjab, Pakistan",Not Available,Not Available,Not Available,3,1
School,Fauji Foundation Model School Chakwal,Not Available,"Rawalpindi Rd, Ashraf Town, Chakwal, Punjab, Pakistan",Closed ⋅ Opens 8 AM,+92 543 542267,http://www.fauji.org.pk/,3.7,3
School,The Light School,Not Available,"PWQC+PG5, Dulmial, Chakwal, Punjab, Pakistan",Not Available,+92 543 584030,Not Available,Not Available,Not Available
School,Hassan Residency,Not Available,"PVFP+GQ4, Waulah, Chakwal, Punjab, Pakistan",Not Available,Not Available,Not Available,5,2
Primary school,Govt Primary School Aadda Branch,Not Available,"J2R5+PFM, Unnamed Road, Khewra, Jhelum, Punjab, Pakistan",Not Available,Not Available,Not Available,5,1
School,Kahoon Little Hawks High School Dulmial,Not Available,"PWQ9+CRP, Road, Dulmial, Chakwal, Punjab, Pakistan",Not Available,Not Available,Not Available,Not Available,Not Available
School,"MLW Middle School, Pidh District Chakwal",Not Available,"MXH9+MV9, Village Pidh, Chakwal, Punjab, Pakistan",Not Available,Not Available,Not Available,Not Available,Not Available
School,G.C.L Model Higher Secoundary School,Not Available,"Gharibwal Cement Factory, Officers Housing colony, Tehsil, Chakwal, Pakistan",Not Available,Not Available,Not Available,4.7,3
School,Dar e Arqam School Higher Section Khewra,Not Available,"J2M5+PV4, New Modern Colony, Khewra, Jhelum, Punjab, Pakistan",Not Available,Not Available,Not Available,Not Available,Not Available
Primary school,Govt. Girls Primary School,Not Available,"JXQG+6V9, Unnamed Road, Dandot Cement Works, Jhelum, Punjab, Pakistan",Closed ⋅ Opens 8 AM,Not Available,Not Available,4,1
School,The Arqam School,Not Available,"WVQ2+PPV, Mohala Line Park،, Chakwal, Punjab, Pakistan",Closed ⋅ Opens 7:30 AM,+92 332 5781640,Not Available,4,5
High school,Mission High School,Not Available,"PV2H+XFM, Road, Dalwal, Chakwal, Punjab, Pakistan",Not Available,Not Available,Not Available,4.2,23
School,Fauji Foundation Higher Secondary School Chakwal,Not Available,"Sawan CNG Filling Station, Near, Talagang Hwy, Chakwal, Punjab, Pakistan",Closed ⋅ Opens 8 AM,+92 340 8161887,http://www.fauji.org.pk/,Not Available,Not Available
School,Fauji Foundation Model School Jhatla,Not Available,"Vill & P/O Jhatla Teh & Distt, Jhatla, Chakwal, Punjab, Pakistan",Closed ⋅ Opens 8 AM,+92 543 651217,http://www.fauji.org.pk/,4.6,9
Girls' high school,Govt Girls High School Golpur,Not Available,"HWRM+RG5, Pind Dadan Khan Road, Golpur, Jhelum, Punjab, Pakistan",Closed ⋅ Opens 8 AM,Not Available,http://schools.punjab.gov.pk/,5,1
School,Middle School,Not Available,"PV3P+HV5, Dalwal, Chakwal, Punjab, Pakistan",Not Available,Not Available,Not Available,1,1
Elementary school,School,Not Available,"PV65+JGQ, Badshahpur Link Rd, Badshahpur, Chakwal, Punjab, Pakistan",Not Available,Not Available,Not Available,Not Available,Not Available
School,Dar E Arqam Junior School,Not Available,"J2M5+JV6, New Modern Colony Rd, Mohalla Rajgan, Khewra, Jhelum, Punjab, Pakistan",Not Available,Not Available,Not Available,Not Available,Not Available
School,pakki Masjad,Not Available,"PV2P+P96, Dalwal, Chakwal, Punjab, Pakistan",Open 24 hours,Not Available,Not Available,Not Available,Not Available
School,Govt Girls High School Dheedwal,Not Available,"VW6W+52G, Dheedwal, Chakwal, Punjab, Pakistan",Not Available,Not Available,Not Available,5,1
Hospital department,THQ Hospital,Not Available,"PX93+6HQ, Choa Saidan Shah, Chakwal, Punjab, Pakistan",Open 24 hours,+92 543 580582,Not Available,2,1
Store,Iqbal Mineral Company,Not Available,"Near boys high school, khewra road کھیوڑہ, روڈ،, Choa Saidan Shah, Chakwal, Punjab 48320, Pakistan",Closed ⋅ Opens 8 AM,+92 543 580311,Not Available,5,2
Science academy,Global Science Academy choa sadian shah,Not Available,"PX9P+24M, Pindadan Khan Road, Mateen Mohalla, Choa Saidan Shah, Chakwal, Punjab, Pakistan",Temporarily closed,+92 301 5793358,Not Available,Not Available,Not Available
School,Fauji Foundation Model School Jhatla,Not Available,"Vill & P/O Jhatla Teh & Distt, Jhatla, Chakwal, Punjab, Pakistan",Closed ⋅ Opens 8 AM,+92 543 651217,http://www.fauji.org.pk/,4.6,9
Primary school,Govt. Girls Primary School,Not Available,"JXQG+6V9, Unnamed Road, Dandot Cement Works, Jhelum, Punjab, Pakistan",Closed ⋅ Opens 8 AM,Not Available,Not Available,4,1
Elementary school,Govt Primary school,Not Available,"PV3P+HV5, Dalwal, Chakwal, Punjab, Pakistan",Not Available,Not Available,Not Available,Not Available,Not Available
Store,Iqbal Mineral Company,Not Available,"Near boys high school, khewra road کھیوڑہ, روڈ،, Choa Saidan Shah, Chakwal, Punjab 48320, Pakistan",Closed ⋅ Opens 8 AM,+92 543 580311,Not Available,5,2
School,Jamia Masjid pakki,Not Available,"Dalwal Chowk, 1 Dalwal Rd, Dalwal, Chakwal, Punjab, Pakistan",Not Available,Not Available,Not Available,Not Available,Not Available
Housing development,Tameer-e-Millate School Khewra,Not Available,"J2J6+6CM, Khewra, Jhelum, Punjab, Pakistan",Not Available,Not Available,Not Available,Not Available,Not Available
School,The Oasis Academy,Not Available,"52P6+G82, Shahwak Shah Road,Opposite Education Directorate, Shawak Shah Road, Quetta, Balochistan 87300, Pakistan",Closed ⋅ Opens 2:30 AM,+92 81 2824265,Not Available,4.4,5
Hospital department,THQ Hospital,Not Available,"PX93+6HQ, Choa Saidan Shah, Chakwal, Punjab, Pakistan",Open 24 hours,+92 543 580582,Not Available,2,1
Tourist information center,Salt Range Tourism,Not Available,"Kalar Kahar Rd, Choa Saidan Shah, Chakwal, Punjab 48320, Pakistan",Not Available,+92 331 6636665,https://saltytrips.pk/,4.8,20
Not Available,Farhan Model School,Not Available,"Dulmial, Chakwal, Punjab, Pakistan",Not Available,Not Available,Not Available,3.3,4
Educational institution,"Khyber Pakhtunkhwa Judicial Academy, Peshawar",Not Available,"Old Sessions Courts Building, Jail Road, Peshawar, 25000, Pakistan",Closed ⋅ Opens 8:30 AM,+92 91 9214252,https://kpja.edu.pk/,5,1
Home goods store,Ayan general store,Not Available,"Girls High School Rd, near MC, Khewra, Jhelum, Punjab, Pakistan",Not Available,+92 307 5836674,Not Available,3,1
Public health department,Health Services Academy,Not Available,"National Institute of Health (NIH, Opposite, Chak Shahzad, Islamabad, Islamabad Capital Territory, Pakistan",Closed ⋅ Opens 8 AM,+92 51 9255590,http://www.hsa.edu.pk/,4.2,24
Science academy,Global Science Academy choa sadian shah,Not Available,"PX9P+24M, Pindadan Khan Road, Mateen Mohalla, Choa Saidan Shah, Chakwal, Punjab, Pakistan",Temporarily closed,+92 301 5793358,Not Available,Not Available,Not Available
School,The Educators,Not Available,"PXJV+Q4J, Choa Saidan Shah, Chakwal, Punjab, Pakistan",Temporarily closed,Not Available,Not Available,Not Available,Not Available
Educational institution,Babar Academy,Not Available,"Zarrar Shaheed Road, Al-Faisal Town, Lahore, Punjab, Pakistan",Closed ⋅ Opens 3 PM,+92 323 7895390,https://babar-academy.business.site/?utm_source=gmb&utm_medium=referral,4.4,34
Bank,Bank Alfalah,Not Available,"PXGQ+43W, Chakwal Rd, Choa Saidan Shah, Chakwal, Punjab, Pakistan",Closed ⋅ Opens 9 AM,Not Available,http://www.bankalfalah.com/,4.3,10
Military school,Pakistan Military Academy,Not Available,"57P6+V4P, Kakul Road, Abbottabad, Khyber Pakhtunkhwa, Pakistan",Open 24 hours,Not Available,https://www.pakistanarmy.gov.pk/,4.7,894
Educational institution,International Skills Academy,Not Available,"7 Main, Link Wahdat Rd, Asif Block Allama Iqbal Town, Lahore, 54000, Pakistan",Closed ⋅ Opens 10 AM,+92 301 1114452,Not Available,4.5,75
Kindergarten,Holly Mission,Not Available,"PXJR+7M7, Choa Saidan Shah, Chakwal, Punjab, Pakistan",Not Available,Not Available,Not Available,Not Available,Not Available
School,Govt Boys Primary School Jaswal,Not Available,"RX7F+739, Jhatla Jaswal Rd, Jaswal, Chakwal, Punjab, Pakistan",Not Available,Not Available,Not Available,Not Available,Not Available
Vocational school,Ladies Welfare Centre,Not Available,"J2M7+G7P, Khewra, Jhelum, Punjab, Pakistan",Not Available,Not Available,Not Available,Not Available,Not Available
School,Hazrat Shah Jahangir School,Not Available,"V5XJ+6MX, Moinabad Rd, Model Colony Jahangirabad, Karachi, Karachi City, Sindh, Pakistan",Not Available,+92 21 34115916,https://hsja.com.pk/,3.4,27
College,Cadet College Chakwal,Not Available,"Talagang - Chakwal Road, Murid, Chakwal, Punjab, Pakistan",Closed ⋅ Opens 8 AM,+92 543 662051,http://www.cadetcollegechakwal.com/,4.4,29
Book store,Alhamza books center khewra,Not Available,"Main Dindot Road, near Ramzan Memorial School, Iqbal Numbardar Jootani, Khewra, Jhelum, Punjab 49060, Pakistan",Closed ⋅ Opens 7 AM,+92 309 5779481,Not Available,4.5,2
High school,Shah Grammar High School۔ شاہ گرامر ہائی اسکول,Not Available,"Block 1, Federal B Area, Sharifabad Block 1 Gulberg Town, Karachi, Karachi City, Sindh 75950, Pakistan",Not Available,+92 21 36371453,Not Available,4.1,7
Education center,The Civil Engineering,Not Available,"Building No, 42 Dandot Factory Road, Jootani, Khewra, Jhelum, Punjab 49060, Pakistan",Closed ⋅ Opens 8 AM,+92 342 2665800,https://thecivilengineerings.com/,4.8,9
Social welfare center,Wahali Welfare Trust,Not Available,"Govt School Road, Wahali Zair, Chakwal, Punjab, Pakistan",Open 24 hours,+92 321 5626683,Not Available,5,3
Restaurant,Khewra Driver Hotel,Not Available,"Choa Saidan Shah Rd, Jhelum, Punjab, Pakistan",Closed ⋅ Opens 9 AM,Not Available,Not Available,4,32
Not Available,Jhatla,Not Available,"Chakwal, Punjab, Pakistan",Not Available,Not Available,Not Available,Not Available,Not Available
Not Available,Arar,Not Available,"Chakwal, Punjab, Pakistan",Not Available,Not Available,Not Available,Not Available,Not Available
School,Shah Grammar School,Not Available,"W3QF+9PJ, Federal B Area Block 13 Gulberg Town, Karachi, Karachi City, Sindh, Pakistan",Not Available,Not Available,Not Available,Not Available,Not Available
Courier service,Leopards Courier Service,Not Available,"Near No.1 High School gala mandi branch, Talagang Rd, Chakwal, Punjab, Pakistan",Closed ⋅ Opens 8 AM,+92 543 554017,Not Available,3.5,165
School,Shah Grammar School & Coaching Centre,Not Available,"W362+QQG, Sharifabad Block 1 Gulberg Town, Karachi, Karachi City, Sindh, Pakistan",Not Available,Not Available,Not Available,3,2
